id	output
"2026-01-01"	88392.3081763156
"2026-01-02"	90077.50550626812
"2026-01-03"	90478.41568876851
"2026-01-04"	91126.02790607001
"2026-01-05"	93939.70396077802
"2026-01-06"	93129.4831570071
"2026-01-07"	90914.17985130598
"2026-01-08"	91035.25525622633
"2026-01-09"	90207.57212770716
"2026-01-10"	90191.4391698085
"2026-01-11"	90292.2294871217
"2026-01-12"	90926.05044701506
"2026-01-13"	98662.68839419661
"2026-01-14"	99514.19728709849
"2026-01-15"	98951.8481540438
"2026-01-16"	95225.92417347153
"2026-01-17"	94963.28681865
"2026-01-18"	95207.7534968474
"2026-01-19"	95921.8363997512
"2026-01-20"	91999.71072464164
"2026-01-21"	92878.55177845737
"2026-01-22"	88988.89494074277
"2026-01-23"	89252.35815724776
"2026-01-24"	89170.66059596841
"2026-01-25"	85977.92656379766
"2026-01-26"	87845.75755528128
"2026-01-27"	88881.50314522667
"2026-01-28"	89107.68459796008
"2026-01-29"	88054.9056095866
"2026-01-30"	87986.18164052155
"2026-01-31"	81492.83197619457
"2026-02-01"	83761.23182722396
"2026-02-02"	82948.90154989592
"2026-02-03"	80964.94926820016
"2026-02-04"	79402.49702781512
"2026-02-05"	66057.84953483388
"2026-02-06"	75375.69073175998
"2026-02-07"	74707.02165849094
"2026-02-08"	70941.01463041412
"2026-02-09"	70279.56535209072
"2026-02-10"	68491.1404927194
"2026-02-11"	67226.59335080473
"2026-02-12"	66087.03685731113
"2026-02-13"	68765.7519234844
"2026-02-14"	69767.55000444976
"2026-02-15"	68784.96134890705
"2026-02-16"	68478.55669068499
"2026-02-17"	67380.28182738938
"2026-02-18"	66158.63512362241
"2026-02-19"	66660.29320183885
"2026-02-20"	67821.78479509216
"2026-02-21"	67788.15658680093
"2026-02-22"	66958.79617571349
"2026-02-23"	64605.6010334131
"2026-02-24"	63981.07118171317
"2026-02-25"	75609.97046431796
"2026-02-26"	67358.18519136283
"2026-02-27"	65414.82923167173
"2026-02-28"	67016.83747633088
"2026-03-01"	65131.512692452365
"2026-03-02"	75783.11735672088
"2026-03-03"	68107.71859203017
"2026-03-04"	76563.02452906987
"2026-03-05"	71026.56175532227
"2026-03-06"	68128.79094025458
"2026-03-07"	67058.32060658604
"2026-03-08"	66070.77380008755
"2026-03-09"	68422.36874717475
"2026-03-10"	69571.02931322993
"2026-03-11"	70264.95277797776
"2026-03-12"	70057.73261752787
"2026-03-13"	77458.97847569645
"2026-03-14"	70594.77624194123
"2026-03-15"	72689.85234316258
"2026-03-16"	79968.72407403134
"2026-03-17"	74136.90751763043
"2026-03-18"	70957.95242550131
"2026-03-19"	70075.20360454303
"2026-03-20"	70610.67774858516
"2026-03-21"	70137.1205872363
"2026-03-22"	68139.37597272215
"2026-03-23"	70581.55923711849
"2026-03-24"	70168.03597395685
"2026-03-25"	71199.8763600187
"2026-03-26"	68747.54281228842
"2026-03-27"	65907.93716129717
"2026-03-28"	66561.41322295487
"2026-03-29"	65993.55298258258
"2026-03-30"	66628.19318656117
"2026-03-31"	68011.68255968425
"2026-04-01"	68054.20149327046
"2026-04-02"	66886.04895624325
"2026-04-03"	66812.01086224901
"2026-04-04"	67274.64085147681
"2026-04-05"	68174.57731348136
"2026-04-06"	68589.49672351539
"2026-04-07"	71351.35309963809
"2026-04-08"	70866.31281448793
"2026-04-09"	71834.79781698828
"2026-04-10"	72658.14675836927
"2026-04-11"	73158.5895396524
"2026-04-12"	70602.0432562772
"2026-04-13"	74454.14010224504
"2026-04-14"	73911.7474709115
"2026-04-15"	75056.32619318471
"2026-04-16"	74752.4539886135
"2026-04-17"	77158.00124581541
"2026-04-18"	75667.3582232989
"2026-04-19"	73952.65160258011
"2026-04-20"	75743.7311473998
"2026-04-21"	75424.19067819187
"2026-04-22"	78364.02561440221
"2026-04-23"	77996.99897004901
"2026-04-24"	77149.30143582466
"2026-04-25"	77375.23598144602
"2026-04-26"	78154.65996283914
"2026-04-27"	76890.44463907622
"2026-04-28"	76058.6145137682
"2026-04-29"	75721.80481596767
"2026-04-30"	76024.08608282846
"2026-05-01"	77948.17904136101
"2026-05-02"	78544.64933149313
"2026-05-03"	78943.84240465055
"2026-05-04"	79863.61885289926
"2026-05-05"	80904.07589910549
"2026-05-06"	81121.46246573317
"2026-05-07"	79668.55240944792
"2026-05-08"	80036.36231087428
"2026-05-09"	80551.63134496943
"2026-05-10"	81824.90707194031
"2026-05-11"	81600.36840744074
"2026-05-12"	80476.5357424417
"2026-05-13"	79188.05377827994
"2026-05-14"	81177.80209527122
"2026-05-15"	78857.89318191842
"2026-05-16"	77934.36142892027
"2026-05-17"	77701.53619721474
"2026-05-18"	76758.34573732041
"2026-05-19"	76421.86555627683
"2026-05-20"	77177.48698321647
"2026-05-21"	77339.13874481183
"2026-05-22"	75463.48237558299
"2026-05-23"	76276.87433329594
"2026-05-24"	76504.36137608052
"2026-05-25"	76874.43416251983
"2026-05-26"	75633.51514583481
"2026-05-27"	74271.2166218958
"2026-05-28"	73444.75145905108
"2026-05-29"	74266.15454106974
"2026-05-30"	73684.72438414585
"2026-05-31"	73936.31396234798
"2026-06-01"	71901.26877040723
"2026-06-02"	68316.20814472846
"2026-06-03"	67179.63801148877
"2026-06-04"	65538.41200068897
"2026-06-05"	63460.7063202881
"2026-06-06"	62777.92389893754
"2026-06-07"	62790.70126394713
"2026-06-08"	64913.35903058368
"2026-06-09"	61699.61968330533
"2026-06-10"	61316.54238253629
"2026-06-11"	63499.86844143718
"2026-06-12"	63481.599855919725
"2026-06-13"	64386.64401052884
"2026-06-14"	66369.96599837046
"2026-06-15"	67338.03414303485
"2026-06-16"	65642.67688941181
"2026-06-17"	64193.83957198788
"2026-06-18"	62719.55636860926
"2026-06-19"	63134.22306804905
"2026-06-20"	64140.03872775303
"2026-06-21"	63642.5574021081
"2026-06-22"	63805.32574572436
"2026-06-23"	62463.40792740521
"2026-06-24"	60756.42130406627
"2026-06-25"	59762.20112973508
"2026-06-26"	59833.55707468822
"2026-06-27"	60049.29864412939
"2026-06-28"	58899.08336040792
"2026-06-29"	63586.4579801561
"2026-06-30"	62426.11587891159
"2026-07-01"	61136.666349112864
"2026-07-02"	61386.956411524
"2026-07-03"	62511.0510748607
"2026-07-04"	63163.88263426675
"2026-07-05"	63632.777014218154
"2026-07-06"	64186.25768997524
"2026-07-07"	63508.968556189306
"2026-07-08"	62228.06153770254
"2026-07-09"	63180.87156992381
"2026-07-10"	64057.763226929055
"2026-07-11"	64135.937204450005
"2026-07-12"	63799.05858089711
"2026-07-13"	61810.37817248849
"2026-07-14"	64839.54345242048
"2026-07-15"	64835.40538709683
"2026-07-16"	63911.15285017512
"2026-07-17"	63921.683013455106
"2026-07-18"	64717.135995453165
"2026-07-19"	64597.68260596758
"2026-07-20"	65023.382461626454
"2026-07-21"	66168.46595893128
"2026-07-22"	65931.43086272941
"2026-07-23"	65089.42665047119
"2026-07-24"	64075.9154127994
"2026-07-25"	64318.977361050056
"2026-07-26"	65307.70841616483
"2026-07-27"	63811.090742425295
"2026-07-28"	63749.24713718467
"2026-07-29"	63870.73885425447
"2026-07-30"	64810.546996355646
"2026-07-31"	62896.91870399532
"2026-08-01"	62795.716963795756
"2026-08-02"	63400.53509381946
"2026-08-03"	63561.87480281361
"2026-08-04"	64236.52886423009
"2026-08-05"	64615.948569678374
"2026-08-06"	64295.26389468185
"2026-08-07"	64894.073638968795
"2026-08-08"	64919.68604130604
"2026-08-09"	65016.4436829012
"2026-08-10"	63946.28585572502
"2026-08-11"	63614.86232116388
"2026-08-12"	63374.33914781203
"2026-08-13"	63472.588626368735
"2026-08-14"	62828.711940765475
"2026-08-15"	63104.92949502695
"2026-08-16"	62827.867296730605
"2026-08-17"	64235.4282256609
"2026-08-18"	64581.88417592601
"2026-08-19"	69228.88353872437
"2026-08-20"	72650.58609265558
"2026-08-21"	78402.88525830435
"2026-08-22"	76897.22337750692
"2026-08-23"	77530.53613072439
"2026-08-24"	78687.20325444161
"2026-08-25"	78839.11890391992
"2026-08-26"	78647.44768716703
"2026-08-27"	80233.32451663082
"2026-08-28"	77639.9825322457
"2026-08-29"	78144.63135157574
"2026-08-30"	78391.10149549422
"2026-08-31"	78494.13143236797
"2026-09-01"	77124.61936190189
"2026-09-02"	76892.60284723084
"2026-09-03"	80969.05885290139
"2026-09-04"	79547.84371364531
"2026-09-05"	79668.17053897207
"2026-09-06"	79877.13579781537
"2026-09-07"	78818.80649284058
"2026-09-08"	78456.36419592942
"2026-09-09"	77844.03340778881
"2026-09-10"	76808.3494532373
"2026-09-11"	77132.56775871062
"2026-09-12"	77205.37434921325
"2026-09-13"	76656.5080622366
"2026-09-14"	78557.2655831478
"2026-09-15"	75550.96580205827
"2026-09-16"	75584.93318382622
"2026-09-17"	76315.71086210209
"2026-09-18"	81079.91576398583
"2026-09-19"	81204.17724009456
"2026-09-20"	81148.99836205356
"2026-09-21"	86364.66093493457
"2026-09-22"	86078.85377289809
"2026-09-23"	84564.03387216195
"2026-09-24"	84253.08863357408
"2026-09-25"	84076.69231680185
"2026-09-26"	84232.60497856623
"2026-09-27"	84149.96557537312
"2026-09-28"	83474.76083830827
"2026-09-29"	83570.94900384983
"2026-09-30"	83641.03514049249
"2026-10-01"	84658.8157239472
"2026-10-02"	84504.49250067018
"2026-10-03"	84738.91586245655
"2026-10-04"	86385.48782144692
"2026-10-05"	85901.1898354038
"2026-10-06"	85480.34477053827
"2026-10-07"	83182.3480169001